id,ho_ten,sdt,thanh_pho,email,_source,_extract_time,_run_id
1,Nguyen Amh*,123,hanoi,test@,csv,2025-12-10T03:00:52.062718,20251210_030051
1,Trần Hạnh,977438371,Hồ Chí Minh,user1@example.com,csv,2025-12-10T03:00:52.065665,20251210_030051
2,Đặng Quỳnh,931098642,Hải Phòng,user2@example.com,csv,2025-12-10T03:00:52.065665,20251210_030051
3,Lê Quỳnh,940589036,Hồ Chí Minh,user3@example.com,csv,2025-12-10T03:00:52.066948,20251210_030051
4,Trần Huy,963983771,Hồ Chí Minh,user4@example.com,csv,2025-12-10T03:00:52.066948,20251210_030051
5,Lê Hạnh,946481691,Đà Nẵng,user5@example.com,csv,2025-12-10T03:00:52.067473,20251210_030051
6,Đặng Bình,935819771,Hồ Chí Minh,user6@example.com,csv,2025-12-10T03:00:52.067473,20251210_030051
7,Hoàng Huy,934344477,Hải Phòng,user7@example.com,csv,2025-12-10T03:00:52.068568,20251210_030051
8,Lê Hạnh2313,961562977,Đà Nẵng,,csv,2025-12-10T03:00:52.068568,20251210_030051
9,Trần Cường,931071852,Hà Nội,user9@example.com,csv,2025-12-10T03:00:52.068568,20251210_030051
10,Lê Bình,933207849,Cần Thơ,user10@example.com,csv,2025-12-10T03:00:52.068568,20251210_030051
11,Nguyễn Hoa,974249066,Hồ Chí Minh,user11@example.com,csv,2025-12-10T03:00:52.069596,20251210_030051
12,Đặng Quỳnh,963264222,Hà Nội,user12@example.com,csv,2025-12-10T03:00:52.069596,20251210_030051
13,Trần Cường,955393237,Hà Nội,user13@example.com,csv,2025-12-10T03:00:52.069596,20251210_030051
14,Đặng Huy,915103926,Hải Phòng,user14@example.com,csv,2025-12-10T03:00:52.070595,20251210_030051
15,Trần Dũng,953061175,Hải Phòng,user15@example.com,csv,2025-12-10T03:00:52.070595,20251210_030051
16,Hoàng Quỳnh,971828670,Hải Phòng,user16@example.com,csv,2025-12-10T03:00:52.070595,20251210_030051
17,Đặng Bình,970934418,Hà Nội,user17@example.com,csv,2025-12-10T03:00:52.070595,20251210_030051
18,Trần Quỳnh,923118330,Đà Nẵng,user18@example.com,csv,2025-12-10T03:00:52.071810,20251210_030051
19,Phạm Bình,910032249,Hà Nội,user19@example.com,csv,2025-12-10T03:00:52.071810,20251210_030051
20,Trần Nga,992834117,Hà Nội,user20@example.com,csv,2025-12-10T03:00:52.071810,20251210_030051
21,Vũ Minh,919826642,Hồ Chí Minh,user21@example.com,csv,2025-12-10T03:00:52.072867,20251210_030051
22,Trần Hoa,948824825,Hồ Chí Minh,user22@example.com,csv,2025-12-10T03:00:52.072867,20251210_030051
23,Hoàng Hạnh,921566726,Đà Nẵng,user23@example.com,csv,2025-12-10T03:00:52.072867,20251210_030051
24,Hoàng Minh,999346589,Đà Nẵng,user24@example.com,csv,2025-12-10T03:00:52.072867,20251210_030051
25,Phạm An,916686533,Hà Nội,user25@example.com,csv,2025-12-10T03:00:52.073872,20251210_030051
26,Đỗ Dũng,984869323,Hải Phòng,user26@example.com,csv,2025-12-10T03:00:52.073872,20251210_030051
27,Phạm Dũng,935060844,Cần Thơ,user27@example.com,csv,2025-12-10T03:00:52.073872,20251210_030051
28,Lê Nga,981860383,Hồ Chí Minh,user28@example.com,csv,2025-12-10T03:00:52.074873,20251210_030051
29,Bùi Nga,961548477,Đà Nẵng,user29@example.com,csv,2025-12-10T03:00:52.074873,20251210_030051
30,Nguyễn Hạnh,963499978,Hồ Chí Minh,user30@example.com,csv,2025-12-10T03:00:52.074873,20251210_030051
31,Đặng An,976760101,Hà Nội,user31@example.com,csv,2025-12-10T03:00:52.074873,20251210_030051
32,Vũ Bình,934831919,Cần Thơ,user32@example.com,csv,2025-12-10T03:00:52.075862,20251210_030051
33,Nguyễn Bình,981784841,Hồ Chí Minh,user33@example.com,csv,2025-12-10T03:00:52.075862,20251210_030051
34,Bùi An,937524852,Hồ Chí Minh,user34@example.com,csv,2025-12-10T03:00:52.075862,20251210_030051
35,Vũ An,938650260,Cần Thơ,user35@example.com,csv,2025-12-10T03:00:52.075862,20251210_030051
36,Bùi Bình,911798607,Cần Thơ,user36@example.com,csv,2025-12-10T03:00:52.076865,20251210_030051
37,Vũ Hạnh,988130726,Đà Nẵng,user37@example.com,csv,2025-12-10T03:00:52.076865,20251210_030051
38,Hoàng Cường,962582977,Hồ Chí Minh,user38@example.com,csv,2025-12-10T03:00:52.076865,20251210_030051
39,Nguyễn Minh,967672162,Hồ Chí Minh,user39@example.com,csv,2025-12-10T03:00:52.076865,20251210_030051
40,Lê Hạnh,941601149,Hà Nội,user40@example.com,csv,2025-12-10T03:00:52.077863,20251210_030051
41,Trần Hoa,928567407,Đà Nẵng,user41@example.com,csv,2025-12-10T03:00:52.077863,20251210_030051
42,Hoàng Bình,968619451,Đà Nẵng,user42@example.com,csv,2025-12-10T03:00:52.077863,20251210_030051
43,Phạm Minh,918397812,Cần Thơ,user43@example.com,csv,2025-12-10T03:00:52.078863,20251210_030051
44,Hoàng Nga,922029769,Hà Nội,user44@example.com,csv,2025-12-10T03:00:52.078863,20251210_030051
45,Trần Hoa,975646096,Cần Thơ,user45@example.com,csv,2025-12-10T03:00:52.078863,20251210_030051
46,Lê Cường,945119553,Đà Nẵng,user46@example.com,csv,2025-12-10T03:00:52.078863,20251210_030051
47,Nguyễn Quỳnh,968356398,Hải Phòng,user47@example.com,csv,2025-12-10T03:00:52.079871,20251210_030051
48,Phạm Hạnh,910094965,Hải Phòng,user48@example.com,csv,2025-12-10T03:00:52.079871,20251210_030051
49,Hoàng Hoa,954193825,Hà Nội,user49@example.com,csv,2025-12-10T03:00:52.079871,20251210_030051
50,Vũ Minh8888,921081371,Hồ Chí Minh,,csv,2025-12-10T03:00:52.079871,20251210_030051
51,Trần Cường,960735815,Cần Thơ,user51@example.com,csv,2025-12-10T03:00:52.079871,20251210_030051
52,Bùi Nga,963767089,Hồ Chí Minh,user52@example.com,csv,2025-12-10T03:00:52.079871,20251210_030051
53,Bùi Minh,910391245,Cần Thơ,user53@example.com,csv,2025-12-10T03:00:52.080874,20251210_030051
54,Đỗ Huy,919332376,Đà Nẵng,user54@example.com,csv,2025-12-10T03:00:52.080874,20251210_030051
55,Nguyễn Cường,912903023,Hà Nội,user55@example.com,csv,2025-12-10T03:00:52.080874,20251210_030051
56,Nguyễn An,936111176,Hải Phòng,user56@example.com,csv,2025-12-10T03:00:52.082202,20251210_030051
57,Trần Quỳnh,992137012,Cần Thơ,user57@example.com,csv,2025-12-10T03:00:52.082618,20251210_030051
58,Nguyễn Bình,989706451,Cần Thơ,user58@example.com,csv,2025-12-10T03:00:52.082618,20251210_030051
59,Lê An,992396008,Đà Nẵng,user59@example.com,csv,2025-12-10T03:00:52.083657,20251210_030051
60,Đỗ Hoa,982289138,Cần Thơ,user60@example.com,csv,2025-12-10T03:00:52.084187,20251210_030051
61,Phạm Nga,936727673,Hồ Chí Minh,user61@example.com,csv,2025-12-10T03:00:52.084187,20251210_030051
62,Nguyễn Huy,991174738,Cần Thơ,user62@example.com,csv,2025-12-10T03:00:52.084187,20251210_030051
63,Nguyễn Bình,943005149,Đà Nẵng,user63@example.com,csv,2025-12-10T03:00:52.085219,20251210_030051
64,Trần Dũng,948208121,Đà Nẵng,user64@example.com,csv,2025-12-10T03:00:52.085219,20251210_030051
65,Trần Huy,950723151,Hải Phòng,user65@example.com,csv,2025-12-10T03:00:52.085219,20251210_030051
66,Vũ Huy,938817521,Hồ Chí Minh,user66@example.com,csv,2025-12-10T03:00:52.086231,20251210_030051
67,Đỗ Bình,967555149,Hải Phòng,user67@example.com,csv,2025-12-10T03:00:52.086231,20251210_030051
68,Bùi Minh,978150286,Hồ Chí Minh,user68@example.com,csv,2025-12-10T03:00:52.086231,20251210_030051
69,Đỗ Dũng,991286329,Hồ Chí Minh,user69@example.com,csv,2025-12-10T03:00:52.087221,20251210_030051
70,Đặng Cường,960687154,Hải Phòng,user70@example.com,csv,2025-12-10T03:00:52.087221,20251210_030051
71,Nguyễn Cường,981979811,Đà Nẵng,user71@example.com,csv,2025-12-10T03:00:52.088213,20251210_030051
72,Đỗ Hạnh,962843786,Hà Nội,user72@example.com,csv,2025-12-10T03:00:52.088213,20251210_030051
73,Vũ Hoa,945323058,Hà Nội,user73@example.com,csv,2025-12-10T03:00:52.088213,20251210_030051
74,Đặng Huy,930202602,Cần Thơ,user74@example.com,csv,2025-12-10T03:00:52.089221,20251210_030051
75,Đỗ An,995264759,Hồ Chí Minh,user75@example.com,csv,2025-12-10T03:00:52.089221,20251210_030051
76,Trần Cường,988377226,Hải Phòng,user76@example.com,csv,2025-12-10T03:00:52.089221,20251210_030051
77,Lê Minh,954409019,Đà Nẵng,user77@example.com,csv,2025-12-10T03:00:52.089221,20251210_030051
78,Trần Nga,969260786,Đà Nẵng,user78@example.com,csv,2025-12-10T03:00:52.090223,20251210_030051
79,Bùi An,947423311,Hải Phòng,user79@example.com,csv,2025-12-10T03:00:52.090223,20251210_030051
80,Vũ Cường,953266538,Hải Phòng,user80@example.com,csv,2025-12-10T03:00:52.090223,20251210_030051
81,Phạm Quỳnh,999048584,Hồ Chí Minh,user81@example.com,csv,2025-12-10T03:00:52.091219,20251210_030051
82,Nguyễn Huy,929992769,Đà Nẵng,user82@example.com,csv,2025-12-10T03:00:52.091219,20251210_030051
83,Vũ Cường,963488797,Hà Nội,user83@example.com,csv,2025-12-10T03:00:52.091219,20251210_030051
84,Đặng Cường,972292601,Cần Thơ,user84@example.com,csv,2025-12-10T03:00:52.092215,20251210_030051
85,Trần Minh,992467890,Hải Phòng,user85@example.com,csv,2025-12-10T03:00:52.092215,20251210_030051
86,Lê Huy,963036340,Hồ Chí Minh,user86@example.com,csv,2025-12-10T03:00:52.092215,20251210_030051
87,Vũ Hoa,998817309,Hải Phòng,user87@example.com,csv,2025-12-10T03:00:52.092215,20251210_030051
88,Đỗ Cường,948766966,Hồ Chí Minh,user88@example.com,csv,2025-12-10T03:00:52.093222,20251210_030051
89,Vũ Huy,966962614,Hồ Chí Minh,user89@example.com,csv,2025-12-10T03:00:52.093222,20251210_030051
90,Hoàng Dũng,918385334,Hồ Chí Minh,user90@example.com,csv,2025-12-10T03:00:52.093222,20251210_030051
91,Đỗ Huy,978441532,Cần Thơ,user91@example.com,csv,2025-12-10T03:00:52.094225,20251210_030051
92,Vũ Hoa,949890849,Cần Thơ,user92@example.com,csv,2025-12-10T03:00:52.094225,20251210_030051
93,Vũ Bình,965582418,Hồ Chí Minh,user93@example.com,csv,2025-12-10T03:00:52.094225,20251210_030051
94,Phạm An,936591685,Hồ Chí Minh,user94@example.com,csv,2025-12-10T03:00:52.094225,20251210_030051
95,Trần Bình,976348652,Hồ Chí Minh,user95@example.com,csv,2025-12-10T03:00:52.094225,20251210_030051
96,Trần Dũng,929921806,Cần Thơ,user96@example.com,csv,2025-12-10T03:00:52.095592,20251210_030051
97,Trần Dũng,946964773,Đà Nẵng,user97@example.com,csv,2025-12-10T03:00:52.095592,20251210_030051
98,Vũ Hoa,984792112,Hồ Chí Minh,user98@example.com,csv,2025-12-10T03:00:52.095592,20251210_030051
99,Đặng Cường,930879806,Hải Phòng,user99@example.com,csv,2025-12-10T03:00:52.096612,20251210_030051
100,Phạm Bình,958777389,Đà Nẵng,user100@example.com,csv,2025-12-10T03:00:52.096612,20251210_030051
101,Vũ Minh,986368400,Hà Nội,user101@example.com,csv,2025-12-10T03:00:52.096612,20251210_030051
102,Vũ Dũng,954814002,Hồ Chí Minh,user102@example.com,csv,2025-12-10T03:00:52.097618,20251210_030051
103,Phạm Hạnh,964240594,Hải Phòng,user103@example.com,csv,2025-12-10T03:00:52.097618,20251210_030051
104,Đặng Hạnh,922560299,Cần Thơ,user104@example.com,csv,2025-12-10T03:00:52.097618,20251210_030051
105,Trần Minh,973748323,Hải Phòng,user105@example.com,csv,2025-12-10T03:00:52.098612,20251210_030051
106,Đặng Quỳnh,944176644,Đà Nẵng,user106@example.com,csv,2025-12-10T03:00:52.098943,20251210_030051
107,Bùi Cường,951495602,Hồ Chí Minh,user107@example.com,csv,2025-12-10T03:00:52.098943,20251210_030051
108,Đặng Nga,919339661,Hồ Chí Minh,user108@example.com,csv,2025-12-10T03:00:52.098943,20251210_030051
109,Lê An,998208230,Cần Thơ,user109@example.com,csv,2025-12-10T03:00:52.098943,20251210_030051
110,Trần Dũng,912425901,Cần Thơ,user110@example.com,csv,2025-12-10T03:00:52.100247,20251210_030051
111,Hoàng Hoa,986544326,Hồ Chí Minh,user111@example.com,csv,2025-12-10T03:00:52.100247,20251210_030051
112,Đỗ Dũng,927918174,Hải Phòng,user112@example.com,csv,2025-12-10T03:00:52.100769,20251210_030051
113,Hoàng Cường,951655965,Hà Nội,user113@example.com,csv,2025-12-10T03:00:52.100769,20251210_030051
114,Trần Nga,997814692,Hồ Chí Minh,user114@example.com,csv,2025-12-10T03:00:52.101818,20251210_030051
115,Đặng Minh,950340503,Cần Thơ,user115@example.com,csv,2025-12-10T03:00:52.101818,20251210_030051
116,Phạm Minh,960840726,Đà Nẵng,user116@example.com,csv,2025-12-10T03:00:52.102797,20251210_030051
117,Nguyễn Cường,930896775,Hồ Chí Minh,user117@example.com,csv,2025-12-10T03:00:52.102797,20251210_030051
118,Vũ Minh,940333962,Cần Thơ,user118@example.com,csv,2025-12-10T03:00:52.102797,20251210_030051
119,Lê Minh,928023589,Hồ Chí Minh,user119@example.com,csv,2025-12-10T03:00:52.103798,20251210_030051
120,Nguyễn Hạnh,960209834,Hải Phòng,user120@example.com,csv,2025-12-10T03:00:52.103798,20251210_030051
121,Phạm Huy,960140943,Hải Phòng,user121@example.com,csv,2025-12-10T03:00:52.103798,20251210_030051
122,Trần Bình,930270451,Hồ Chí Minh,user122@example.com,csv,2025-12-10T03:00:52.104795,20251210_030051
123,Nguyễn Nga,915569744,Hồ Chí Minh,user123@example.com,csv,2025-12-10T03:00:52.104795,20251210_030051
124,Trần Nga,994088029,Hải Phòng,user124@example.com,csv,2025-12-10T03:00:52.104795,20251210_030051
125,Nguyễn Hạnh,946822648,Đà Nẵng,user125@example.com,csv,2025-12-10T03:00:52.105791,20251210_030051
126,Lê Cường,977062727,Hồ Chí Minh,user126@example.com,csv,2025-12-10T03:00:52.105791,20251210_030051
127,Vũ Minh,919537200,Hải Phòng,user127@example.com,csv,2025-12-10T03:00:52.105791,20251210_030051
128,Đỗ Nga,995368462,Cần Thơ,user128@example.com,csv,2025-12-10T03:00:52.106796,20251210_030051
129,Nguyễn Minh,918888901,Hải Phòng,user129@example.com,csv,2025-12-10T03:00:52.106796,20251210_030051
130,Đặng Cường,986740311,Cần Thơ,user130@example.com,csv,2025-12-10T03:00:52.106796,20251210_030051
131,Vũ Minh,944157801,Hải Phòng,user131@example.com,csv,2025-12-10T03:00:52.106796,20251210_030051
132,Đặng Nga,948998347,Cần Thơ,user132@example.com,csv,2025-12-10T03:00:52.107794,20251210_030051
133,Lê Huy,985380882,Hải Phòng,user133@example.com,csv,2025-12-10T03:00:52.107794,20251210_030051
134,Bùi Cường,957515360,Đà Nẵng,user134@example.com,csv,2025-12-10T03:00:52.108795,20251210_030051
135,Lê Nga,992648977,Hải Phòng,user135@example.com,csv,2025-12-10T03:00:52.108795,20251210_030051
136,Phạm Bình,912589735,Đà Nẵng,user136@example.com,csv,2025-12-10T03:00:52.108795,20251210_030051
137,Trần Minh,921818790,Hà Nội,user137@example.com,csv,2025-12-10T03:00:52.108795,20251210_030051
138,Phạm Bình,935217622,Hà Nội,user138@example.com,csv,2025-12-10T03:00:52.109792,20251210_030051
139,Bùi Bình,962945969,Hà Nội,user139@example.com,csv,2025-12-10T03:00:52.109792,20251210_030051
140,Bùi Nga,966581673,Hồ Chí Minh,user140@example.com,csv,2025-12-10T03:00:52.109792,20251210_030051
141,Nguyễn Nga,911847300,Đà Nẵng,user141@example.com,csv,2025-12-10T03:00:52.109792,20251210_030051
142,Bùi Minh,995739479,Hà Nội,user142@example.com,csv,2025-12-10T03:00:52.109792,20251210_030051
143,Trần Nga,914249332,Hải Phòng,user143@example.com,csv,2025-12-10T03:00:52.109792,20251210_030051
144,Phạm Cường,963879382,Hải Phòng,user144@example.com,csv,2025-12-10T03:00:52.110782,20251210_030051
145,Nguyễn Quỳnh,924967861,Hải Phòng,user145@example.com,csv,2025-12-10T03:00:52.110782,20251210_030051
146,Trần An,975209523,Hồ Chí Minh,user146@example.com,csv,2025-12-10T03:00:52.110782,20251210_030051
147,Đặng Dũng,913086119,Đà Nẵng,user147@example.com,csv,2025-12-10T03:00:52.110782,20251210_030051
148,Nguyễn Bình,928800088,Hà Nội,user148@example.com,csv,2025-12-10T03:00:52.110782,20251210_030051
149,Hoàng Dũng,967211983,Hồ Chí Minh,user149@example.com,csv,2025-12-10T03:00:52.110782,20251210_030051
150,Trần Nga,933792392,Hồ Chí Minh,user150@example.com,csv,2025-12-10T03:00:52.110782,20251210_030051
151,Phạm Quỳnh,964649981,Đà Nẵng,user151@example.com,csv,2025-12-10T03:00:52.110782,20251210_030051
152,Bùi Huy,977188940,Đà Nẵng,user152@example.com,csv,2025-12-10T03:00:52.111792,20251210_030051
153,Hoàng Bình,979123390,Hà Nội,user153@example.com,csv,2025-12-10T03:00:52.111792,20251210_030051
154,Phạm Huy,986977608,Cần Thơ,user154@example.com,csv,2025-12-10T03:00:52.111792,20251210_030051
155,Vũ Quỳnh,952477043,Hồ Chí Minh,user155@example.com,csv,2025-12-10T03:00:52.111792,20251210_030051
156,Hoàng Cường,977226858,Đà Nẵng,user156@example.com,csv,2025-12-10T03:00:52.111792,20251210_030051
157,Phạm Cường,977036283,Hồ Chí Minh,user157@example.com,csv,2025-12-10T03:00:52.111792,20251210_030051
158,Vũ Dũng,981406832,Hải Phòng,user158@example.com,csv,2025-12-10T03:00:52.111792,20251210_030051
159,Nguyễn Hoa,983756837,Cần Thơ,user159@example.com,csv,2025-12-10T03:00:52.111792,20251210_030051
160,Trần Quỳnh,948450759,Hà Nội,user160@example.com,csv,2025-12-10T03:00:52.112783,20251210_030051
161,Lê An,913683012,Cần Thơ,user161@example.com,csv,2025-12-10T03:00:52.112783,20251210_030051
162,Đỗ Hạnh,942619755,Cần Thơ,user162@example.com,csv,2025-12-10T03:00:52.112783,20251210_030051
163,Vũ Minh,935094400,Hồ Chí Minh,user163@example.com,csv,2025-12-10T03:00:52.112783,20251210_030051
164,Trần Hạnh,916723534,Hà Nội,user164@example.com,csv,2025-12-10T03:00:52.112783,20251210_030051
165,Đặng Huy,932340427,Đà Nẵng,user165@example.com,csv,2025-12-10T03:00:52.112783,20251210_030051
166,Lê An,944174205,Hồ Chí Minh,user166@example.com,csv,2025-12-10T03:00:52.112783,20251210_030051
167,Vũ Minh,966740324,Đà Nẵng,user167@example.com,csv,2025-12-10T03:00:52.112783,20251210_030051
168,Lê An,919722906,Đà Nẵng,user168@example.com,csv,2025-12-10T03:00:52.113787,20251210_030051
169,Đặng Quỳnh,961363038,Cần Thơ,user169@example.com,csv,2025-12-10T03:00:52.113787,20251210_030051
170,Đỗ Hạnh,929662732,Hà Nội,user170@example.com,csv,2025-12-10T03:00:52.113787,20251210_030051
171,Đặng Huy,968565918,Hà Nội,user171@example.com,csv,2025-12-10T03:00:52.113787,20251210_030051
172,Đỗ Nga,981539408,Đà Nẵng,user172@example.com,csv,2025-12-10T03:00:52.113787,20251210_030051
173,Trần Minh,946258100,Hải Phòng,user173@example.com,csv,2025-12-10T03:00:52.113787,20251210_030051
174,Bùi Hoa,981765321,Hà Nội,user174@example.com,csv,2025-12-10T03:00:52.113787,20251210_030051
175,Đỗ Hạnh,981462706,Hà Nội,user175@example.com,csv,2025-12-10T03:00:52.113787,20251210_030051
176,Lê Hạnh,959843289,Hà Nội,user176@example.com,csv,2025-12-10T03:00:52.113787,20251210_030051
177,Lê Nga,987746339,Hà Nội,user177@example.com,csv,2025-12-10T03:00:52.114782,20251210_030051
178,Phạm Nga,978254186,Hà Nội,user178@example.com,csv,2025-12-10T03:00:52.114782,20251210_030051
179,Trần Cường,980669267,Hồ Chí Minh,user179@example.com,csv,2025-12-10T03:00:52.114782,20251210_030051
180,Nguyễn Nga,994446287,Hải Phòng,user180@example.com,csv,2025-12-10T03:00:52.114782,20251210_030051
181,Hoàng Minh,972169168,Hà Nội,user181@example.com,csv,2025-12-10T03:00:52.114782,20251210_030051
182,Trần Hoa,961860833,Hồ Chí Minh,user182@example.com,csv,2025-12-10T03:00:52.115433,20251210_030051
183,Hoàng Nga,951508559,Đà Nẵng,user183@example.com,csv,2025-12-10T03:00:52.115433,20251210_030051
184,Lê Huy,921912522,Hải Phòng,user184@example.com,csv,2025-12-10T03:00:52.116688,20251210_030051
185,Hoàng Hạnh,935407491,Đà Nẵng,user185@example.com,csv,2025-12-10T03:00:52.116688,20251210_030051
186,Trần Huy,948142717,Hải Phòng,user186@example.com,csv,2025-12-10T03:00:52.117204,20251210_030051
187,Phạm Minh,986291383,Hà Nội,user187@example.com,csv,2025-12-10T03:00:52.117204,20251210_030051
188,Nguyễn Nga,977687181,Cần Thơ,user188@example.com,csv,2025-12-10T03:00:52.117204,20251210_030051
189,Hoàng An,971904244,Hải Phòng,user189@example.com,csv,2025-12-10T03:00:52.118226,20251210_030051
190,Đặng Bình,992276816,Cần Thơ,user190@example.com,csv,2025-12-10T03:00:52.118226,20251210_030051
191,Lê Quỳnh,951787987,Đà Nẵng,user191@example.com,csv,2025-12-10T03:00:52.118226,20251210_030051
192,Đỗ Nga,949799396,Hà Nội,user192@example.com,csv,2025-12-10T03:00:52.118226,20251210_030051
193,Đặng Quỳnh,936616994,Cần Thơ,user193@example.com,csv,2025-12-10T03:00:52.118226,20251210_030051
194,Phạm Cường,946718456,Cần Thơ,user194@example.com,csv,2025-12-10T03:00:52.118226,20251210_030051
195,Vũ An,928700707,Hà Nội,user195@example.com,csv,2025-12-10T03:00:52.118226,20251210_030051
196,Đỗ An,994287633,Hải Phòng,user196@example.com,csv,2025-12-10T03:00:52.118226,20251210_030051
197,Đỗ Dũng,981323242,Hà Nội,user197@example.com,csv,2025-12-10T03:00:52.119224,20251210_030051
198,Đặng Nga,993725087,Hà Nội,user198@example.com,csv,2025-12-10T03:00:52.119224,20251210_030051
199,Trần Quỳnh,953963277,Hải Phòng,user199@example.com,csv,2025-12-10T03:00:52.119224,20251210_030051
200,Lê Bình,975344173,Hải Phòng,user200@example.com,csv,2025-12-10T03:00:52.119224,20251210_030051
201,Lê Hạnh,978427715,Đà Nẵng,user201@example.com,csv,2025-12-10T03:00:52.119224,20251210_030051
202,Đặng Bình,995327998,Đà Nẵng,user202@example.com,csv,2025-12-10T03:00:52.119224,20251210_030051
203,Lê Quỳnh,994243979,Đà Nẵng,user203@example.com,csv,2025-12-10T03:00:52.119224,20251210_030051
204,Nguyễn Dũng,976198057,Hà Nội,user204@example.com,csv,2025-12-10T03:00:52.119224,20251210_030051
205,Trần Cường,998824943,Hà Nội,user205@example.com,csv,2025-12-10T03:00:52.120219,20251210_030051
206,Trần Minh,980438314,Cần Thơ,user206@example.com,csv,2025-12-10T03:00:52.120219,20251210_030051
207,Đỗ Cường,992194843,Hồ Chí Minh,user207@example.com,csv,2025-12-10T03:00:52.120219,20251210_030051
208,Đặng Quỳnh,983476697,Đà Nẵng,user208@example.com,csv,2025-12-10T03:00:52.120219,20251210_030051
209,Đặng Nga,930574853,Hải Phòng,user209@example.com,csv,2025-12-10T03:00:52.120219,20251210_030051
210,Nguyễn Nga,911980321,Đà Nẵng,user210@example.com,csv,2025-12-10T03:00:52.120219,20251210_030051
211,Đỗ Hoa,990399023,Hồ Chí Minh,user211@example.com,csv,2025-12-10T03:00:52.120219,20251210_030051
212,Nguyễn Cường,985075159,Đà Nẵng,user212@example.com,csv,2025-12-10T03:00:52.120219,20251210_030051
213,Đặng Quỳnh,923946821,Đà Nẵng,user213@example.com,csv,2025-12-10T03:00:52.120219,20251210_030051
214,Đặng Hoa,966363388,Hồ Chí Minh,user214@example.com,csv,2025-12-10T03:00:52.120219,20251210_030051
215,Vũ Quỳnh,980004900,Cần Thơ,user215@example.com,csv,2025-12-10T03:00:52.121217,20251210_030051
216,Trần Huy,957871391,Hồ Chí Minh,user216@example.com,csv,2025-12-10T03:00:52.121217,20251210_030051
217,Trần Quỳnh,986304840,Hồ Chí Minh,user217@example.com,csv,2025-12-10T03:00:52.121217,20251210_030051
218,Bùi Dũng,982777902,Hà Nội,user218@example.com,csv,2025-12-10T03:00:52.121217,20251210_030051
219,Trần Cường,989537098,Hà Nội,user219@example.com,csv,2025-12-10T03:00:52.121217,20251210_030051
220,Bùi Hạnh,973311084,Hồ Chí Minh,user220@example.com,csv,2025-12-10T03:00:52.121217,20251210_030051
221,Đỗ Minh,992614477,Hồ Chí Minh,user221@example.com,csv,2025-12-10T03:00:52.121217,20251210_030051
222,Đỗ Cường,949235902,Đà Nẵng,user222@example.com,csv,2025-12-10T03:00:52.121217,20251210_030051
223,Phạm Nga,911325753,Đà Nẵng,user223@example.com,csv,2025-12-10T03:00:52.121217,20251210_030051
224,Nguyễn Hạnh,989230272,Cần Thơ,user224@example.com,csv,2025-12-10T03:00:52.122218,20251210_030051
225,Nguyễn Huy,965617734,Hồ Chí Minh,user225@example.com,csv,2025-12-10T03:00:52.122218,20251210_030051
226,Trần Nga,971139221,Hà Nội,user226@example.com,csv,2025-12-10T03:00:52.122218,20251210_030051
227,Nguyễn Minh,930851892,Cần Thơ,user227@example.com,csv,2025-12-10T03:00:52.122218,20251210_030051
228,Đỗ Hạnh,942723421,Cần Thơ,user228@example.com,csv,2025-12-10T03:00:52.122218,20251210_030051
229,Trần An,952060663,Hồ Chí Minh,user229@example.com,csv,2025-12-10T03:00:52.122218,20251210_030051
230,Nguyễn An,965564074,Hồ Chí Minh,user230@example.com,csv,2025-12-10T03:00:52.122218,20251210_030051
231,Bùi Cường,911425931,Đà Nẵng,user231@example.com,csv,2025-12-10T03:00:52.122218,20251210_030051
232,Đỗ Dũng,998189424,Hải Phòng,user232@example.com,csv,2025-12-10T03:00:52.122218,20251210_030051
233,Bùi Hạnh,963025715,Hà Nội,user233@example.com,csv,2025-12-10T03:00:52.122218,20251210_030051
234,Bùi Minh,975929200,Hà Nội,user234@example.com,csv,2025-12-10T03:00:52.123218,20251210_030051
235,Bùi Cường,939707738,Hải Phòng,user235@example.com,csv,2025-12-10T03:00:52.123218,20251210_030051
236,Hoàng Minh,935352409,Hà Nội,user236@example.com,csv,2025-12-10T03:00:52.123218,20251210_030051
237,Đặng Quỳnh,914769561,Hà Nội,user237@example.com,csv,2025-12-10T03:00:52.123218,20251210_030051
238,Đỗ Cường,933549107,Hải Phòng,user238@example.com,csv,2025-12-10T03:00:52.123218,20251210_030051
239,Bùi An,966915991,Hồ Chí Minh,user239@example.com,csv,2025-12-10T03:00:52.123218,20251210_030051
240,Phạm Nga,988637208,Hà Nội,user240@example.com,csv,2025-12-10T03:00:52.123218,20251210_030051
241,Hoàng Huy,985377835,Hồ Chí Minh,user241@example.com,csv,2025-12-10T03:00:52.123218,20251210_030051
242,Bùi Dũng,946443542,Cần Thơ,user242@example.com,csv,2025-12-10T03:00:52.123218,20251210_030051
243,Vũ Bình,958615514,Hà Nội,user243@example.com,csv,2025-12-10T03:00:52.124220,20251210_030051
244,Đặng Nga,964668010,Cần Thơ,user244@example.com,csv,2025-12-10T03:00:52.124220,20251210_030051
245,Hoàng An,931064910,Cần Thơ,user245@example.com,csv,2025-12-10T03:00:52.124220,20251210_030051
246,Trần Hoa,957858399,Đà Nẵng,user246@example.com,csv,2025-12-10T03:00:52.124220,20251210_030051
247,Lê An,924842142,Hải Phòng,user247@example.com,csv,2025-12-10T03:00:52.124220,20251210_030051
248,Phạm Cường,985817385,Đà Nẵng,user248@example.com,csv,2025-12-10T03:00:52.124220,20251210_030051
249,Đỗ Cường,976200355,Đà Nẵng,user249@example.com,csv,2025-12-10T03:00:52.124220,20251210_030051
250,Đỗ Dũng,973079310,Hải Phòng,user250@example.com,csv,2025-12-10T03:00:52.124220,20251210_030051
251,Phạm Quỳnh,919792177,Cần Thơ,user251@example.com,csv,2025-12-10T03:00:52.124220,20251210_030051
252,Bùi An,927275332,Đà Nẵng,user252@example.com,csv,2025-12-10T03:00:52.124220,20251210_030051
253,Phạm Bình,928672089,Cần Thơ,user253@example.com,csv,2025-12-10T03:00:52.125217,20251210_030051
254,Đỗ Bình,927137662,Cần Thơ,user254@example.com,csv,2025-12-10T03:00:52.125217,20251210_030051
255,Hoàng Hạnh,920149920,Hải Phòng,user255@example.com,csv,2025-12-10T03:00:52.125217,20251210_030051
256,Nguyễn Quỳnh,997404035,Hồ Chí Minh,user256@example.com,csv,2025-12-10T03:00:52.125217,20251210_030051
257,Phạm Nga,949083291,Đà Nẵng,user257@example.com,csv,2025-12-10T03:00:52.125217,20251210_030051
258,Trần Hoa,990704335,Hồ Chí Minh,user258@example.com,csv,2025-12-10T03:00:52.125217,20251210_030051
259,Bùi An,992114534,Đà Nẵng,user259@example.com,csv,2025-12-10T03:00:52.125217,20251210_030051
260,Vũ Hạnh,962851029,Hồ Chí Minh,user260@example.com,csv,2025-12-10T03:00:52.125217,20251210_030051
261,Lê Hoa,926214271,Hải Phòng,user261@example.com,csv,2025-12-10T03:00:52.125217,20251210_030051
262,Trần An,992352739,Đà Nẵng,user262@example.com,csv,2025-12-10T03:00:52.125217,20251210_030051
263,Vũ Cường,946257499,Hà Nội,user263@example.com,csv,2025-12-10T03:00:52.126216,20251210_030051
264,Lê Minh,960871206,Cần Thơ,user264@example.com,csv,2025-12-10T03:00:52.126216,20251210_030051
265,Đỗ Cường,938972310,Hải Phòng,user265@example.com,csv,2025-12-10T03:00:52.126216,20251210_030051
266,Hoàng Hoa,929875353,Đà Nẵng,user266@example.com,csv,2025-12-10T03:00:52.126216,20251210_030051
267,Phạm Quỳnh,968692348,Hải Phòng,user267@example.com,csv,2025-12-10T03:00:52.126216,20251210_030051
268,Phạm Dũng,999967539,Hà Nội,user268@example.com,csv,2025-12-10T03:00:52.126216,20251210_030051
269,Phạm Hoa,974798332,Hải Phòng,user269@example.com,csv,2025-12-10T03:00:52.126216,20251210_030051
270,Vũ Quỳnh,923758808,Đà Nẵng,user270@example.com,csv,2025-12-10T03:00:52.126216,20251210_030051
271,Nguyễn Bình,969094103,Hồ Chí Minh,user271@example.com,csv,2025-12-10T03:00:52.126216,20251210_030051
272,Vũ Bình,966675413,Đà Nẵng,user272@example.com,csv,2025-12-10T03:00:52.126216,20251210_030051
273,Bùi Huy,973529322,Hà Nội,user273@example.com,csv,2025-12-10T03:00:52.127218,20251210_030051
274,Trần Huy,978310171,Hà Nội,user274@example.com,csv,2025-12-10T03:00:52.127218,20251210_030051
275,Nguyễn Quỳnh,938347199,Đà Nẵng,user275@example.com,csv,2025-12-10T03:00:52.127218,20251210_030051
276,Hoàng Nga,957719756,Cần Thơ,user276@example.com,csv,2025-12-10T03:00:52.127218,20251210_030051
277,Bùi Hoa,977661521,Đà Nẵng,user277@example.com,csv,2025-12-10T03:00:52.127218,20251210_030051
278,Đặng Bình,971457857,Hải Phòng,user278@example.com,csv,2025-12-10T03:00:52.127218,20251210_030051
279,Trần An,989858674,Hà Nội,user279@example.com,csv,2025-12-10T03:00:52.127218,20251210_030051
280,Phạm Dũng,949164975,Cần Thơ,user280@example.com,csv,2025-12-10T03:00:52.127218,20251210_030051
281,Đỗ Minh,989482962,Hà Nội,user281@example.com,csv,2025-12-10T03:00:52.128217,20251210_030051
282,Hoàng Bình,933578292,Đà Nẵng,user282@example.com,csv,2025-12-10T03:00:52.128217,20251210_030051
283,Bùi Dũng,926382355,Hà Nội,user283@example.com,csv,2025-12-10T03:00:52.128217,20251210_030051
284,Nguyễn Minh,976596288,Đà Nẵng,user284@example.com,csv,2025-12-10T03:00:52.128217,20251210_030051
285,Phạm Quỳnh,992298304,Hồ Chí Minh,user285@example.com,csv,2025-12-10T03:00:52.128217,20251210_030051
286,Phạm Hoa,935970858,Hà Nội,user286@example.com,csv,2025-12-10T03:00:52.128217,20251210_030051
287,Hoàng Cường,939800050,Đà Nẵng,user287@example.com,csv,2025-12-10T03:00:52.128217,20251210_030051
288,Lê Huy,974645010,Hồ Chí Minh,user288@example.com,csv,2025-12-10T03:00:52.128217,20251210_030051
289,Vũ Cường,993325726,Hải Phòng,user289@example.com,csv,2025-12-10T03:00:52.128217,20251210_030051
290,Hoàng Quỳnh,944740712,Đà Nẵng,user290@example.com,csv,2025-12-10T03:00:52.128217,20251210_030051
291,Đỗ Cường,921349521,Cần Thơ,user291@example.com,csv,2025-12-10T03:00:52.129217,20251210_030051
292,Hoàng Huy,984787640,Hải Phòng,user292@example.com,csv,2025-12-10T03:00:52.129217,20251210_030051
293,Bùi Hạnh,943298426,Đà Nẵng,user293@example.com,csv,2025-12-10T03:00:52.129217,20251210_030051
294,Hoàng Bình,998445974,Hồ Chí Minh,user294@example.com,csv,2025-12-10T03:00:52.129217,20251210_030051
295,Bùi Hoa,976534270,Hà Nội,user295@example.com,csv,2025-12-10T03:00:52.129217,20251210_030051
296,Trần Nga,911440453,Hồ Chí Minh,user296@example.com,csv,2025-12-10T03:00:52.129217,20251210_030051
297,Phạm Cường,962215302,Hải Phòng,user297@example.com,csv,2025-12-10T03:00:52.129217,20251210_030051
298,Nguyễn Bình,927733034,Hồ Chí Minh,user298@example.com,csv,2025-12-10T03:00:52.129217,20251210_030051
299,Phạm An,983127227,Hà Nội,user299@example.com,csv,2025-12-10T03:00:52.129217,20251210_030051
300,Đỗ Cường,932971144,Hà Nội,user300@example.com,csv,2025-12-10T03:00:52.130216,20251210_030051
301,Nguyễn Quỳnh,974844347,Hà Nội,user301@example.com,csv,2025-12-10T03:00:52.130216,20251210_030051
302,Bùi Quỳnh,946467516,Hải Phòng,user302@example.com,csv,2025-12-10T03:00:52.130216,20251210_030051
303,Nguyễn Cường,918550559,Cần Thơ,user303@example.com,csv,2025-12-10T03:00:52.130216,20251210_030051
304,Vũ Cường,961629177,Hải Phòng,user304@example.com,csv,2025-12-10T03:00:52.130216,20251210_030051
305,Đặng Nga,973941427,Đà Nẵng,user305@example.com,csv,2025-12-10T03:00:52.131227,20251210_030051
306,Phạm Dũng,939719887,Hà Nội,user306@example.com,csv,2025-12-10T03:00:52.131227,20251210_030051
307,Lê Hạnh,971930609,Đà Nẵng,user307@example.com,csv,2025-12-10T03:00:52.131227,20251210_030051
308,Phạm Minh,920510008,Hồ Chí Minh,user308@example.com,csv,2025-12-10T03:00:52.131227,20251210_030051
309,Trần Cường,960653773,Hà Nội,user309@example.com,csv,2025-12-10T03:00:52.131227,20251210_030051
310,Trần Huy,945684282,Đà Nẵng,user310@example.com,csv,2025-12-10T03:00:52.132129,20251210_030051
311,Bùi Nga,931771112,Hà Nội,user311@example.com,csv,2025-12-10T03:00:52.132129,20251210_030051
312,Đỗ Hạnh,955080861,Hà Nội,user312@example.com,csv,2025-12-10T03:00:52.132129,20251210_030051
313,Lê Minh,921917852,Cần Thơ,user313@example.com,csv,2025-12-10T03:00:52.132129,20251210_030051
314,Lê Cường,959564683,Hồ Chí Minh,user314@example.com,csv,2025-12-10T03:00:52.132129,20251210_030051
315,Lê Cường,995683879,Hồ Chí Minh,user315@example.com,csv,2025-12-10T03:00:52.132129,20251210_030051
316,Lê Bình,935284443,Hà Nội,user316@example.com,csv,2025-12-10T03:00:52.132129,20251210_030051
317,Bùi Hạnh,977622360,Hải Phòng,user317@example.com,csv,2025-12-10T03:00:52.133190,20251210_030051
318,Nguyễn Hoa,966703940,Hồ Chí Minh,user318@example.com,csv,2025-12-10T03:00:52.133190,20251210_030051
319,Hoàng Nga,980853201,Hà Nội,user319@example.com,csv,2025-12-10T03:00:52.133190,20251210_030051
320,Lê Hoa,937656141,Cần Thơ,user320@example.com,csv,2025-12-10T03:00:52.133190,20251210_030051
321,Lê Bình,998633099,Đà Nẵng,user321@example.com,csv,2025-12-10T03:00:52.133190,20251210_030051
322,Vũ Dũng,955447155,Hải Phòng,user322@example.com,csv,2025-12-10T03:00:52.134213,20251210_030051
323,Lê Minh,962086167,Cần Thơ,user323@example.com,csv,2025-12-10T03:00:52.134213,20251210_030051
324,Đỗ Hạnh,991839864,Hải Phòng,user324@example.com,csv,2025-12-10T03:00:52.134213,20251210_030051
325,Phạm Quỳnh,996808598,Hải Phòng,user325@example.com,csv,2025-12-10T03:00:52.134213,20251210_030051
326,Hoàng Huy,976052359,Đà Nẵng,user326@example.com,csv,2025-12-10T03:00:52.134213,20251210_030051
327,Đỗ Huy,966709078,Hồ Chí Minh,user327@example.com,csv,2025-12-10T03:00:52.134213,20251210_030051
328,Trần Huy,934778081,Đà Nẵng,user328@example.com,csv,2025-12-10T03:00:52.134213,20251210_030051
329,Đỗ An,913029903,Hà Nội,user329@example.com,csv,2025-12-10T03:00:52.134213,20251210_030051
330,Phạm Quỳnh,942133244,Hải Phòng,user330@example.com,csv,2025-12-10T03:00:52.135208,20251210_030051
331,Trần Quỳnh,948973313,Hải Phòng,user331@example.com,csv,2025-12-10T03:00:52.135208,20251210_030051
332,Trần Nga,964550639,Hà Nội,user332@example.com,csv,2025-12-10T03:00:52.135208,20251210_030051
333,Trần Dũng,931353926,Hà Nội,user333@example.com,csv,2025-12-10T03:00:52.135208,20251210_030051
334,Đặng Hạnh,982811049,Đà Nẵng,user334@example.com,csv,2025-12-10T03:00:52.135208,20251210_030051
335,Đỗ Dũng,925298217,Đà Nẵng,user335@example.com,csv,2025-12-10T03:00:52.135208,20251210_030051
336,Nguyễn Nga,979373047,Đà Nẵng,user336@example.com,csv,2025-12-10T03:00:52.135208,20251210_030051
337,Hoàng Hoa,953257711,Hồ Chí Minh,user337@example.com,csv,2025-12-10T03:00:52.135208,20251210_030051
338,Phạm Minh,968570412,Hồ Chí Minh,user338@example.com,csv,2025-12-10T03:00:52.135208,20251210_030051
339,Trần Huy,948613031,Cần Thơ,user339@example.com,csv,2025-12-10T03:00:52.135208,20251210_030051
340,Nguyễn An,943065475,Hà Nội,user340@example.com,csv,2025-12-10T03:00:52.136203,20251210_030051
341,Hoàng Hạnh,930760657,Hải Phòng,user341@example.com,csv,2025-12-10T03:00:52.136203,20251210_030051
342,Hoàng Cường,993435699,Cần Thơ,user342@example.com,csv,2025-12-10T03:00:52.136203,20251210_030051
343,Hoàng Hạnh,985098338,Hải Phòng,user343@example.com,csv,2025-12-10T03:00:52.136203,20251210_030051
344,Trần Hoa,961592663,Hồ Chí Minh,user344@example.com,csv,2025-12-10T03:00:52.136203,20251210_030051
345,Trần Hoa,984921982,Hồ Chí Minh,user345@example.com,csv,2025-12-10T03:00:52.136203,20251210_030051
346,Bùi Huy,910303990,Cần Thơ,user346@example.com,csv,2025-12-10T03:00:52.136203,20251210_030051
347,Lê Huy,994277602,Đà Nẵng,user347@example.com,csv,2025-12-10T03:00:52.136203,20251210_030051
348,Phạm Dũng,936630402,Hồ Chí Minh,user348@example.com,csv,2025-12-10T03:00:52.136203,20251210_030051
349,Phạm Hoa,935749086,Hồ Chí Minh,user349@example.com,csv,2025-12-10T03:00:52.137204,20251210_030051
350,Bùi Hoa,948543579,Cần Thơ,user350@example.com,csv,2025-12-10T03:00:52.137204,20251210_030051
351,Lê Quỳnh,913550555,Hải Phòng,user351@example.com,csv,2025-12-10T03:00:52.137204,20251210_030051
352,Vũ Hoa,943620061,Hà Nội,user352@example.com,csv,2025-12-10T03:00:52.137204,20251210_030051
353,Nguyễn Hoa,950483721,Hải Phòng,user353@example.com,csv,2025-12-10T03:00:52.137204,20251210_030051
354,Bùi Minh,961338039,Cần Thơ,user354@example.com,csv,2025-12-10T03:00:52.137204,20251210_030051
355,Lê Hạnh,911778731,Cần Thơ,user355@example.com,csv,2025-12-10T03:00:52.137204,20251210_030051
356,Bùi Huy,985931057,Hồ Chí Minh,user356@example.com,csv,2025-12-10T03:00:52.137204,20251210_030051
357,Đặng Huy,991886716,Cần Thơ,user357@example.com,csv,2025-12-10T03:00:52.137204,20251210_030051
358,Trần Nga,910935451,Cần Thơ,user358@example.com,csv,2025-12-10T03:00:52.138212,20251210_030051
359,Hoàng An,922613028,Cần Thơ,user359@example.com,csv,2025-12-10T03:00:52.138212,20251210_030051
360,Nguyễn An,961106472,Hồ Chí Minh,user360@example.com,csv,2025-12-10T03:00:52.138212,20251210_030051
361,Nguyễn An,946870801,Hải Phòng,user361@example.com,csv,2025-12-10T03:00:52.138212,20251210_030051
362,Bùi Quỳnh,990784387,Hồ Chí Minh,user362@example.com,csv,2025-12-10T03:00:52.138212,20251210_030051
363,Trần Cường,940979277,Cần Thơ,user363@example.com,csv,2025-12-10T03:00:52.138212,20251210_030051
364,Hoàng Huy,984126031,Hải Phòng,user364@example.com,csv,2025-12-10T03:00:52.138212,20251210_030051
365,Nguyễn Minh,980888341,Cần Thơ,user365@example.com,csv,2025-12-10T03:00:52.138212,20251210_030051
366,Trần Bình,988246975,Hồ Chí Minh,user366@example.com,csv,2025-12-10T03:00:52.138212,20251210_030051
367,Nguyễn Huy,915478289,Đà Nẵng,user367@example.com,csv,2025-12-10T03:00:52.139209,20251210_030051
368,Đặng Minh,917267977,Hà Nội,user368@example.com,csv,2025-12-10T03:00:52.139209,20251210_030051
369,Đỗ Huy,912440854,Hải Phòng,user369@example.com,csv,2025-12-10T03:00:52.139209,20251210_030051
370,Đỗ An,918639026,Hồ Chí Minh,user370@example.com,csv,2025-12-10T03:00:52.139209,20251210_030051
371,Lê Nga,915509968,Cần Thơ,user371@example.com,csv,2025-12-10T03:00:52.139209,20251210_030051
372,Phạm Dũng,991237074,Đà Nẵng,user372@example.com,csv,2025-12-10T03:00:52.139209,20251210_030051
373,Phạm Nga,933523092,Hải Phòng,user373@example.com,csv,2025-12-10T03:00:52.139209,20251210_030051
374,Phạm Hạnh,987897057,Hồ Chí Minh,user374@example.com,csv,2025-12-10T03:00:52.139209,20251210_030051
375,Bùi Hoa,959701736,Đà Nẵng,user375@example.com,csv,2025-12-10T03:00:52.139209,20251210_030051
376,Bùi Quỳnh,926862589,Hải Phòng,user376@example.com,csv,2025-12-10T03:00:52.139209,20251210_030051
377,Phạm Hoa,923177148,Hồ Chí Minh,user377@example.com,csv,2025-12-10T03:00:52.140207,20251210_030051
378,Vũ Cường,932494106,Đà Nẵng,user378@example.com,csv,2025-12-10T03:00:52.140207,20251210_030051
379,Đặng Quỳnh,970465366,Hà Nội,user379@example.com,csv,2025-12-10T03:00:52.140207,20251210_030051
380,Đặng Hạnh,950407652,Hải Phòng,user380@example.com,csv,2025-12-10T03:00:52.140207,20251210_030051
381,Lê Huy,925213386,Cần Thơ,user381@example.com,csv,2025-12-10T03:00:52.140207,20251210_030051
382,Đặng Hoa,987952407,Đà Nẵng,user382@example.com,csv,2025-12-10T03:00:52.140207,20251210_030051
383,Hoàng Nga,921625864,Hải Phòng,user383@example.com,csv,2025-12-10T03:00:52.140207,20251210_030051
384,Lê Nga,930194443,Cần Thơ,user384@example.com,csv,2025-12-10T03:00:52.140207,20251210_030051
385,Đặng Hoa,964700471,Cần Thơ,user385@example.com,csv,2025-12-10T03:00:52.140207,20251210_030051
386,Đặng Dũng,943589752,Hải Phòng,user386@example.com,csv,2025-12-10T03:00:52.140207,20251210_030051
387,Vũ Huy,920390222,Hồ Chí Minh,user387@example.com,csv,2025-12-10T03:00:52.141209,20251210_030051
388,Hoàng Quỳnh,948142174,Hồ Chí Minh,user388@example.com,csv,2025-12-10T03:00:52.141209,20251210_030051
389,Nguyễn Hạnh,995421867,Hồ Chí Minh,user389@example.com,csv,2025-12-10T03:00:52.141209,20251210_030051
390,Nguyễn Cường,981070114,Đà Nẵng,user390@example.com,csv,2025-12-10T03:00:52.141209,20251210_030051
391,Vũ Dũng,957785952,Hải Phòng,user391@example.com,csv,2025-12-10T03:00:52.141209,20251210_030051
392,Nguyễn Cường,999718611,Hải Phòng,user392@example.com,csv,2025-12-10T03:00:52.141209,20251210_030051
393,Nguyễn Quỳnh,988414813,Đà Nẵng,user393@example.com,csv,2025-12-10T03:00:52.141209,20251210_030051
394,Nguyễn An,997542340,Hà Nội,user394@example.com,csv,2025-12-10T03:00:52.141209,20251210_030051
395,Vũ Quỳnh,910678001,Hồ Chí Minh,user395@example.com,csv,2025-12-10T03:00:52.141209,20251210_030051
396,Nguyễn Bình,919661830,Hồ Chí Minh,user396@example.com,csv,2025-12-10T03:00:52.141209,20251210_030051
397,Bùi Huy,937702738,Cần Thơ,user397@example.com,csv,2025-12-10T03:00:52.142206,20251210_030051
398,Vũ Huy,956923840,Đà Nẵng,user398@example.com,csv,2025-12-10T03:00:52.142206,20251210_030051
399,Vũ Cường,981153377,Hải Phòng,user399@example.com,csv,2025-12-10T03:00:52.142206,20251210_030051
400,Trần Quỳnh,955418609,Hà Nội,user400@example.com,csv,2025-12-10T03:00:52.142206,20251210_030051
401,Lê Hoa,979837003,Hà Nội,user401@example.com,csv,2025-12-10T03:00:52.142206,20251210_030051
402,Bùi Minh,924224247,Hải Phòng,user402@example.com,csv,2025-12-10T03:00:52.142206,20251210_030051
403,Hoàng Minh,994300542,Hải Phòng,user403@example.com,csv,2025-12-10T03:00:52.142206,20251210_030051
404,Đỗ Hoa,946984559,Hồ Chí Minh,user404@example.com,csv,2025-12-10T03:00:52.142206,20251210_030051
405,Lê Hoa,977048900,Cần Thơ,user405@example.com,csv,2025-12-10T03:00:52.142206,20251210_030051
406,Bùi Minh,928168762,Hà Nội,user406@example.com,csv,2025-12-10T03:00:52.142206,20251210_030051
407,Bùi Huy,916080383,Hải Phòng,user407@example.com,csv,2025-12-10T03:00:52.143205,20251210_030051
408,Nguyễn Bình,994375414,Hồ Chí Minh,user408@example.com,csv,2025-12-10T03:00:52.143205,20251210_030051
409,Đỗ Hoa,976653887,Cần Thơ,user409@example.com,csv,2025-12-10T03:00:52.143205,20251210_030051
410,Hoàng Dũng,957952346,Hà Nội,user410@example.com,csv,2025-12-10T03:00:52.143205,20251210_030051
411,Phạm Cường,911800746,Đà Nẵng,user411@example.com,csv,2025-12-10T03:00:52.143205,20251210_030051
412,Phạm Cường,971537821,Hà Nội,user412@example.com,csv,2025-12-10T03:00:52.143205,20251210_030051
413,Đặng Bình,970917947,Đà Nẵng,user413@example.com,csv,2025-12-10T03:00:52.143205,20251210_030051
414,Bùi Huy,994127407,Cần Thơ,user414@example.com,csv,2025-12-10T03:00:52.143205,20251210_030051
415,,932063477,Hải Phòng,user415@example.com,csv,2025-12-10T03:00:52.143205,20251210_030051
416,dyge347434,958213980,Cần Thơ,user416@example.com,csv,2025-12-10T03:00:52.143205,20251210_030051
417,Nguyễn Minh,966569109,Hồ Chí Minh,user417@example.com,csv,2025-12-10T03:00:52.144208,20251210_030051
418,Vũ Cường,980532972,Hồ Chí Minh,user418@example.com,csv,2025-12-10T03:00:52.144208,20251210_030051
419,Vũ Dũng,950957321,Hà Nội,user419@example.com,csv,2025-12-10T03:00:52.144208,20251210_030051
420,Bùi Bình,915737024,Cần Thơ,user420@example.com,csv,2025-12-10T03:00:52.144208,20251210_030051
421,Vũ Huy,968946945,Hải Phòng,user421@example.com,csv,2025-12-10T03:00:52.144208,20251210_030051
422,Bùi Huy,987353756,Hải Phòng,user422@example.com,csv,2025-12-10T03:00:52.144208,20251210_030051
423,Đặng Bình,930529093,Cần Thơ,user423@example.com,csv,2025-12-10T03:00:52.144208,20251210_030051
424,Hoàng Dũng,930216518,Hồ Chí Minh,user424@example.com,csv,2025-12-10T03:00:52.144208,20251210_030051
425,Phạm Minh,936610119,Hải Phòng,user425@example.com,csv,2025-12-10T03:00:52.144208,20251210_030051
426,Trần Minh,981881643,Hà Nội,user426@example.com,csv,2025-12-10T03:00:52.145209,20251210_030051
427,Lê An,965551530,Đà Nẵng,user427@example.com,csv,2025-12-10T03:00:52.145209,20251210_030051
428,Vũ Quỳnh,912265551,Hà Nội,user428@example.com,csv,2025-12-10T03:00:52.145209,20251210_030051
429,Nguyễn Huy,988163103,Đà Nẵng,user429@example.com,csv,2025-12-10T03:00:52.145209,20251210_030051
430,Nguyễn Hoa,966708277,Hà Nội,user430@example.com,csv,2025-12-10T03:00:52.145209,20251210_030051
431,Trần Bình,932135356,Hà Nội,user431@example.com,csv,2025-12-10T03:00:52.145209,20251210_030051
432,Đặng Bình,979136405,Đà Nẵng,user432@example.com,csv,2025-12-10T03:00:52.145209,20251210_030051
433,Phạm An,920351668,Hà Nội,user433@example.com,csv,2025-12-10T03:00:52.145209,20251210_030051
434,Trần Quỳnh,956298217,Hồ Chí Minh,user434@example.com,csv,2025-12-10T03:00:52.145209,20251210_030051
435,Đặng Quỳnh,914190890,Hà Nội,user435@example.com,csv,2025-12-10T03:00:52.145209,20251210_030051
436,Nguyễn Cường,962693357,Hồ Chí Minh,user436@example.com,csv,2025-12-10T03:00:52.145209,20251210_030051
437,Lê Minh,960261782,Hà Nội,user437@example.com,csv,2025-12-10T03:00:52.146206,20251210_030051
438,Lê Hạnh,963860666,Hải Phòng,user438@example.com,csv,2025-12-10T03:00:52.146206,20251210_030051
439,Đỗ Hoa,916694182,Cần Thơ,user439@example.com,csv,2025-12-10T03:00:52.146206,20251210_030051
440,Bùi Hoa,943735902,Đà Nẵng,user440@example.com,csv,2025-12-10T03:00:52.146206,20251210_030051
441,Trần Quỳnh,995039312,Hà Nội,user441@example.com,csv,2025-12-10T03:00:52.146206,20251210_030051
442,Bùi Huy,925059108,Hồ Chí Minh,user442@example.com,csv,2025-12-10T03:00:52.146206,20251210_030051
443,Đỗ Hoa,967031166,Hồ Chí Minh,user443@example.com,csv,2025-12-10T03:00:52.146206,20251210_030051
444,Nguyễn An,917327638,Đà Nẵng,user444@example.com,csv,2025-12-10T03:00:52.146206,20251210_030051
445,Đỗ Hạnh,967682160,Hồ Chí Minh,user445@example.com,csv,2025-12-10T03:00:52.146206,20251210_030051
446,Hoàng Minh,945330889,Hồ Chí Minh,user446@example.com,csv,2025-12-10T03:00:52.146206,20251210_030051
447,Vũ An,914327852,Hà Nội,user447@example.com,csv,2025-12-10T03:00:52.147209,20251210_030051
448,Đặng Cường,946038582,Cần Thơ,user448@example.com,csv,2025-12-10T03:00:52.147209,20251210_030051
449,Vũ Quỳnh,953382773,Hà Nội,user449@example.com,csv,2025-12-10T03:00:52.147209,20251210_030051
450,Đặng Bình,991938012,Cần Thơ,user450@example.com,csv,2025-12-10T03:00:52.147209,20251210_030051
451,Vũ Hoa,980729504,Đà Nẵng,user451@example.com,csv,2025-12-10T03:00:52.147209,20251210_030051
452,Bùi Bình,931936498,Hà Nội,user452@example.com,csv,2025-12-10T03:00:52.147209,20251210_030051
453,Đỗ An,960139784,Cần Thơ,user453@example.com,csv,2025-12-10T03:00:52.147209,20251210_030051
454,Bùi An,978915016,Cần Thơ,user454@example.com,csv,2025-12-10T03:00:52.147209,20251210_030051
455,Vũ Cường,964626802,Hà Nội,user455@example.com,csv,2025-12-10T03:00:52.147209,20251210_030051
456,Đặng Huy,942226745,Đà Nẵng,user456@example.com,csv,2025-12-10T03:00:52.147209,20251210_030051
457,Đặng Minh,997543926,Hải Phòng,user457@example.com,csv,2025-12-10T03:00:52.148210,20251210_030051
458,Vũ Dũng,982129503,Cần Thơ,user458@example.com,csv,2025-12-10T03:00:52.148210,20251210_030051
459,Đặng Minh,938826303,Hồ Chí Minh,user459@example.com,csv,2025-12-10T03:00:52.148737,20251210_030051
460,Đỗ Nga,978866558,Hải Phòng,user460@example.com,csv,2025-12-10T03:00:52.148737,20251210_030051
461,Đặng Dũng,963846993,Đà Nẵng,user461@example.com,csv,2025-12-10T03:00:52.148737,20251210_030051
462,Phạm Cường,990654015,Cần Thơ,user462@example.com,csv,2025-12-10T03:00:52.148737,20251210_030051
463,Vũ Nga,932559849,Hải Phòng,user463@example.com,csv,2025-12-10T03:00:52.148737,20251210_030051
464,Bùi Dũng,970269370,Hồ Chí Minh,user464@example.com,csv,2025-12-10T03:00:52.148737,20251210_030051
465,Đỗ Huy,996145963,Hải Phòng,user465@example.com,csv,2025-12-10T03:00:52.148737,20251210_030051
466,Bùi Dũng,950511364,Hải Phòng,user466@example.com,csv,2025-12-10T03:00:52.150230,20251210_030051
467,Đặng Bình,986231072,Đà Nẵng,user467@example.com,csv,2025-12-10T03:00:52.150230,20251210_030051
468,Hoàng Hạnh,995415303,Hà Nội,user468@example.com,csv,2025-12-10T03:00:52.150230,20251210_030051
469,Trần Hoa,935545443,Hải Phòng,user469@example.com,csv,2025-12-10T03:00:52.150230,20251210_030051
470,Trần Minh,971702161,Hồ Chí Minh,user470@example.com,csv,2025-12-10T03:00:52.150230,20251210_030051
471,Đỗ Minh,939697538,Hà Nội,user471@example.com,csv,2025-12-10T03:00:52.150230,20251210_030051
472,Nguyễn Hoa,917962214,Hồ Chí Minh,user472@example.com,csv,2025-12-10T03:00:52.151256,20251210_030051
473,Phạm Dũng,913991440,Cần Thơ,user473@example.com,csv,2025-12-10T03:00:52.151256,20251210_030051
474,Đỗ Nga,987618865,Đà Nẵng,user474@example.com,csv,2025-12-10T03:00:52.151256,20251210_030051
475,Nguyễn Dũng,911770884,Hồ Chí Minh,user475@example.com,csv,2025-12-10T03:00:52.151256,20251210_030051
476,Đặng Cường,945218844,Đà Nẵng,user476@example.com,csv,2025-12-10T03:00:52.151256,20251210_030051
477,Lê Bình,990268836,Đà Nẵng,user477@example.com,csv,2025-12-10T03:00:52.151256,20251210_030051
478,Đặng Hoa,984721260,Đà Nẵng,user478@example.com,csv,2025-12-10T03:00:52.151256,20251210_030051
479,Phạm Hạnh,981150344,Đà Nẵng,user479@example.com,csv,2025-12-10T03:00:52.151256,20251210_030051
480,Lê Cường,962976756,Cần Thơ,user480@example.com,csv,2025-12-10T03:00:52.152254,20251210_030051
481,Nguyễn Bình,974900145,Đà Nẵng,user481@example.com,csv,2025-12-10T03:00:52.152254,20251210_030051
482,Trần Minh,983875515,Hải Phòng,user482@example.com,csv,2025-12-10T03:00:52.152254,20251210_030051
483,Lê Hạnh,936936065,Cần Thơ,user483@example.com,csv,2025-12-10T03:00:52.152254,20251210_030051
484,Vũ Hạnh,987292336,Cần Thơ,user484@example.com,csv,2025-12-10T03:00:52.152254,20251210_030051
485,Nguyễn An,984629318,Hồ Chí Minh,user485@example.com,csv,2025-12-10T03:00:52.152254,20251210_030051
486,Hoàng Huy,928476990,Hà Nội,user486@example.com,csv,2025-12-10T03:00:52.152254,20251210_030051
487,Trần Dũng,987088943,Đà Nẵng,user487@example.com,csv,2025-12-10T03:00:52.153254,20251210_030051
488,Trần Hoa,929432717,Hà Nội,user488@example.com,csv,2025-12-10T03:00:52.153254,20251210_030051
489,Đặng Hoa,945594083,Cần Thơ,user489@example.com,csv,2025-12-10T03:00:52.153254,20251210_030051
490,Vũ Dũng,989537946,Cần Thơ,user490@example.com,csv,2025-12-10T03:00:52.153254,20251210_030051
491,Hoàng Bình,912380944,Đà Nẵng,user491@example.com,csv,2025-12-10T03:00:52.153254,20251210_030051
492,Lê Nga,987362791,Cần Thơ,user492@example.com,csv,2025-12-10T03:00:52.153254,20251210_030051
493,Đặng Hoa,980557839,Hải Phòng,user493@example.com,csv,2025-12-10T03:00:52.153254,20251210_030051
494,Trần Quỳnh,910682385,Đà Nẵng,user494@example.com,csv,2025-12-10T03:00:52.153254,20251210_030051
495,Bùi Minh,957528368,Hà Nội,user495@example.com,csv,2025-12-10T03:00:52.154307,20251210_030051
496,Đặng Bình,944660961,Hồ Chí Minh,user496@example.com,csv,2025-12-10T03:00:52.154307,20251210_030051
497,Nguyễn Minh,952691606,Hồ Chí Minh,user497@example.com,csv,2025-12-10T03:00:52.154307,20251210_030051
498,Bùi Huy,976446478,Hồ Chí Minh,user498@example.com,csv,2025-12-10T03:00:52.154307,20251210_030051
499,Trần Quỳnh,999319168,Hồ Chí Minh,user499@example.com,csv,2025-12-10T03:00:52.154307,20251210_030051
500,Phạm Hạnh,958470019,Hà Nội,user500@example.com,csv,2025-12-10T03:00:52.154307,20251210_030051
